{"stephen": 659.1829687125079, "bloom": 306.3710538074958, "dedalus": 241.21521883486093, "mulligan": 239.13577729318112, "buck": 232.8974526681416, "martians": 247.45354345990046, "martian": 85.95025038943322, "woking": 64.4626877920749, "heat-ray": 49.906597000316054, "pit": 37.27151161444559, "jo": 969.0197584228035, "meg": 804.7438766300965, "amy": 744.4400719213812, "laurie": 725.7250980462627, "beth": 329.93805794653395, "republic": 145.5609079175885, "ideal": 116.44872633407081, "plato": 109.04084198501067, "citizens": 91.21712053009054, "thrasymachus": 89.41598629223294, "onely": 694.5334749210651, "soveraign": 657.1035271708281, "civill": 627.9913455873104, "kingdome": 467.87434687796303, "common-wealth": 301.51902354357617, "thy": 437.10337519853414, "hector": 386.77612675244944, "o'er": 336.4244337830221, "trojan": 298.0532876407765, "achilles": 212.83994790354458, "alice": 142.78831919534872, "[illustration]": 45.747713916956386, "rabbit": 21.578243566257974, "mouse": 15.693268048187619, "alice's": 14.55609079175885, "bennet": 349.3461790022124, "bingley": 303.598465085256, "darcy": 296.6669932796566, "elizabeth": 272.4068419600585, "jane": 207.94415416798358}